Province,Health Zone,Avg days (prior),Avg days (follow-up),Log2 ratio,Flag
Ituri,Lita,1.153e+00,1.085e+00,-8.800e-02,
Ituri,Nizi,9.881e-01,9.320e-01,-8.400e-02,
Ituri,Bambu,7.674e-01,8.123e-01,8.200e-02,
Ituri,Tchomia,5.732e-01,5.505e-01,-5.800e-02,
Ituri,Kilo,3.973e-01,3.586e-01,-1.480e-01,
Ituri,Gety,3.174e-01,2.987e-01,-8.800e-02,
Ituri,Damas,2.145e-01,1.966e-01,-1.260e-01,
Ituri,Komanda,2.105e-01,1.874e-01,-1.680e-01,
Ituri,Drodro,1.026e-01,8.585e-02,-2.560e-01,
Nord-Kivu,Katwa,5.049e-02,5.021e-02,-8.000e-03,
Ituri,Mambasa,4.553e-02,4.492e-02,-2.000e-02,
Ituri,Mahagi,5.086e-02,4.373e-02,-2.180e-01,
Ituri,Logo,4.759e-02,4.263e-02,-1.590e-01,
Ituri,Fataki,5.076e-02,3.742e-02,-4.400e-01,
Nord-Kivu,Butembo,3.324e-02,3.058e-02,-1.200e-01,
Ituri,Rimba,3.343e-02,2.853e-02,-2.280e-01,
Nord-Kivu,Beni,2.895e-02,2.617e-02,-1.460e-01,
Haut-Uele,Watsa,2.525e-02,2.598e-02,4.100e-02,
Ituri,Boga,3.444e-02,2.424e-02,-5.060e-01,
Ituri,Nyarambe,1.772e-02,1.860e-02,7.000e-02,
Ituri,Aru,1.953e-02,1.857e-02,-7.300e-02,
Tshopo,Makiso Kisangan,2.113e-02,1.824e-02,-2.120e-01,
Ituri,Nia Nia,1.625e-02,1.560e-02,-5.900e-02,
Ituri,Mandima,2.223e-02,1.540e-02,-5.300e-01,
Nord-Kivu,Oicha,1.586e-02,1.479e-02,-1.000e-01,
Ituri,Biringi,1.373e-02,1.359e-02,-1.600e-02,
Nord-Kivu,Musienene,1.207e-02,1.308e-02,1.160e-01,
Ituri,Angumu,1.216e-02,1.238e-02,2.500e-02,
Ituri,Kambala,1.088e-02,1.153e-02,8.400e-02,
Ituri,Lolwa,1.330e-02,1.106e-02,-2.650e-01,
Ituri,Ariwara,1.177e-02,1.072e-02,-1.350e-01,
Haut-Uele,Gombari,1.107e-02,1.071e-02,-4.800e-02,
Ituri,Rethy,7.968e-03,1.056e-02,4.060e-01,
Ituri,Aungba,8.864e-03,8.901e-03,6.000e-03,
Nord-Kivu,Kalunguta,7.899e-03,8.103e-03,3.700e-02,
Tshopo,Kabondo,1.047e-02,7.305e-03,-5.190e-01,
Nord-Kivu,Kyondo,5.093e-03,6.672e-03,3.900e-01,
Haut-Uele,Isiro,7.736e-03,6.475e-03,-2.570e-01,
Haut-Uele,Makoro,5.402e-03,6.241e-03,2.080e-01,
Nord-Kivu,Goma,5.790e-03,4.881e-03,-2.460e-01,
Kinshasa,Gombe,6.544e-03,4.743e-03,-4.640e-01,
Haut-Uele,Dungu,3.958e-03,4.666e-03,2.370e-01,
Nord-Kivu,Karisimbi,5.237e-03,4.168e-03,-3.300e-01,
Nord-Kivu,Mutwanga,3.998e-03,4.053e-03,2.000e-02,
Haut-Uele,Wamba,4.505e-03,3.970e-03,-1.820e-01,
Tshopo,Tshopo,4.872e-03,3.512e-03,-4.720e-01,
Nord-Kivu,Masereka,2.936e-03,3.195e-03,1.220e-01,
Kinshasa,Binza Ozone,4.234e-03,2.998e-03,-4.980e-01,
Tshopo,Mangobo,4.077e-03,2.981e-03,-4.520e-01,
Nord-Kivu,Nyiragongo,3.199e-03,2.978e-03,-1.030e-01,
Tshopo,Bafwasende,2.743e-03,2.770e-03,1.400e-02,
Nord-Kivu,Kayna,2.142e-03,2.743e-03,3.570e-01,
Kinshasa,Limete,3.302e-03,2.669e-03,-3.070e-01,
Sud-Kivu,Katana,1.335e-03,2.497e-03,9.040e-01,
Sud-Kivu,Ibanda,2.096e-03,2.417e-03,2.060e-01,
Kinshasa,Lingwala,3.431e-03,2.237e-03,-6.170e-01,
Nord-Kivu,Mabalako,3.471e-03,2.216e-03,-6.470e-01,
Kinshasa,Kokolo,2.689e-03,2.140e-03,-3.290e-01,
Tshopo,Wanierukula,1.864e-03,2.077e-03,1.560e-01,
Nord-Kivu,Lubero,2.124e-03,1.912e-03,-1.510e-01,
Kinshasa,Nsele,2.713e-03,1.843e-03,-5.580e-01,
Kinshasa,Lemba,2.317e-03,1.676e-03,-4.670e-01,
Tshopo,Lubunga,1.908e-03,1.646e-03,-2.130e-01,
Kinshasa,Kintambo,2.123e-03,1.607e-03,-4.020e-01,
Kinshasa,Kasa Vubu,2.410e-03,1.605e-03,-5.860e-01,
Sud-Kivu,Kadutu,1.034e-03,1.586e-03,6.180e-01,
Kinshasa,Kinshasa,2.356e-03,1.394e-03,-7.570e-01,
Nord-Kivu,Rutshuru,6.524e-04,1.357e-03,1.057e+00,
Kinshasa,Kalamu 1,2.217e-03,1.342e-03,-7.240e-01,
Sud-Kivu,Minova,1.436e-04,1.232e-03,1.585e+00,
Kinshasa,Binza Meteo,1.179e-03,1.126e-03,-6.600e-02,
Haut-Uele,Pawa,9.601e-04,1.066e-03,1.520e-01,
Ituri,Adi,1.081e-03,1.032e-03,-6.700e-02,
Kinshasa,Bandalungwa,1.615e-03,9.974e-04,-6.950e-01,
Kinshasa,Matete,1.329e-03,9.475e-04,-4.880e-01,
Kinshasa,Masina 1,1.221e-03,8.664e-04,-4.950e-01,
Sud-Kivu,Bagira,4.947e-04,8.180e-04,7.260e-01,
Nord-Kivu,Walikale,5.889e-04,8.132e-04,4.660e-01,
Haut-Katanga,Lubumbashi,7.801e-04,7.824e-04,4.000e-03,
Ituri,Laybo,8.336e-04,7.135e-04,-2.240e-01,
Kinshasa,Barumbu,9.579e-04,7.006e-04,-4.510e-01,
Kinshasa,Mont Ngafula 1,1.223e-03,6.816e-04,-8.430e-01,
Kinshasa,Mont Ngafula 2,1.030e-03,6.736e-04,-6.130e-01,
Kinshasa,Selembao,1.146e-03,6.732e-04,-7.670e-01,
Kinshasa,Kingabwa,8.510e-04,5.927e-04,-5.220e-01,
Tshopo,Bafwagbogbo,7.026e-04,5.463e-04,-3.630e-01,
Sud-Kivu,Kalehe,5.319e-05,5.364e-04,1.585e+00,
Haut-Uele,Faradje,6.512e-04,5.281e-04,-3.020e-01,
Kinshasa,Masina 2,6.155e-04,5.167e-04,-2.520e-01,
Haut-Uele,Aba,4.711e-04,5.129e-04,1.230e-01,
Nord-Kivu,Alimbongo,4.673e-04,5.093e-04,1.240e-01,
Sud-Kivu,Mwana,4.483e-04,4.914e-04,1.320e-01,
Sud-Kivu,Kabare,4.624e-04,4.836e-04,6.500e-02,
Kinshasa,Kikimi,6.436e-04,4.823e-04,-4.160e-01,
Haut-Katanga,Mumbunda,3.678e-04,4.682e-04,3.480e-01,
Haut-Uele,Niangara,8.385e-04,4.533e-04,-8.870e-01,
Tanganyika,Nyemba,4.990e-04,4.491e-04,-1.520e-01,
Kinshasa,Ndjili,6.482e-04,4.458e-04,-5.400e-01,
Maniema,Kindu,4.146e-04,4.434e-04,9.700e-02,
Kinshasa,Ngiri Ngiri,6.867e-04,4.377e-04,-6.500e-01,
Haut-Uele,Rungu,7.118e-04,4.107e-04,-7.930e-01,
Nord-Kivu,Bambo,1.337e-04,3.989e-04,1.577e+00,
Mongala,Yamaluka,3.666e-04,3.575e-04,-3.600e-02,
Sud-Kivu,Uvira,5.710e-04,3.545e-04,-6.880e-01,
Kinshasa,Police,3.997e-04,3.488e-04,-1.970e-01,
Kinshasa,Maluku 1,1.919e-04,3.446e-04,8.450e-01,
Nord-Kivu,Manguredjipa,3.665e-04,3.356e-04,-1.270e-01,
Tshopo,Isangi,1.965e-04,3.340e-04,7.650e-01,
Kinshasa,Kalamu 2,4.654e-04,3.009e-04,-6.290e-01,
Tshopo,Banalia,4.349e-04,2.970e-04,-5.500e-01,
Kinshasa,Kingasani,4.027e-04,2.857e-04,-4.950e-01,
Haut-Katanga,Tshamilemba,3.343e-04,2.562e-04,-3.840e-01,
Tanganyika,Kalemie,3.100e-04,2.470e-04,-3.280e-01,
Kinshasa,Makala,2.971e-04,2.470e-04,-2.670e-01,
Nord-Kivu,Kamango,3.737e-04,2.368e-04,-6.580e-01,
Lualaba,Manika,3.617e-04,2.333e-04,-6.330e-01,
Kinshasa,Kisenso,4.179e-04,2.204e-04,-9.230e-01,
Maniema,Lubutu,3.298e-04,2.154e-04,-6.140e-01,
Maniema,Kalima,1.808e-04,1.991e-04,1.390e-01,
Mongala,Lisala,8.308e-05,1.802e-04,1.117e+00,
Nord-Kivu,Biena,2.310e-04,1.774e-04,-3.810e-01,
Sud-Kivu,Miti Murhesa,3.318e-04,1.742e-04,-9.300e-01,
Sud-Kivu,Kimbi Lulenge,2.280e-05,1.687e-04,1.585e+00,
Tshopo,Basoko,7.269e-05,1.596e-04,1.134e+00,
Nord-Kivu,Mweso,4.711e-05,1.505e-04,1.585e+00,
Nord-Kivu,Kirotshe,1.755e-04,1.429e-04,-2.970e-01,
Kasaï Central,Lukonga,1.472e-04,1.429e-04,-4.300e-02,
Sud-Kivu,Ruzizi,1.877e-04,1.429e-04,-3.940e-01,
Kasaï,Kanzala,4.863e-05,1.398e-04,1.524e+00,
Kongo Central,Gombe Matadi,4.559e-05,1.353e-04,1.569e+00,
Bas-Uele,Buta,1.036e-03,1.344e-04,-1.585e+00,
Sud-Kivu,Kamituga,1.824e-05,1.269e-04,1.585e+00,
Bas-Uele,Bondo,1.505e-04,1.261e-04,-2.540e-01,
Kasaï Central,Katoka,1.654e-04,1.261e-04,-3.910e-01,
Kinshasa,Ngaba,2.903e-04,1.246e-04,-1.220e+00,
Sud-Kivu,Idjwi,1.307e-04,1.147e-04,-1.880e-01,
Kinshasa,Bumbu,8.890e-05,1.140e-04,3.580e-01,
Kongo Central,Matadi,1.748e-04,1.075e-04,-7.010e-01,
Kinshasa,Biyela,8.206e-05,1.064e-04,3.740e-01,
Haut-Katanga,Kenya,4.559e-05,1.003e-04,1.138e+00,
Haut-Katanga,Sakania,1.079e-04,9.118e-05,-2.430e-01,
Kasaï Central,Tshikaji,6.079e-05,9.118e-05,5.850e-01,
Haut-Katanga,Kipushi,1.071e-04,8.966e-05,-2.570e-01,
Haut-Katanga,Kampemba,1.140e-04,8.890e-05,-3.580e-01,
Nord-Kivu,Binza,5.243e-05,8.875e-05,7.590e-01,
Kasaï,Tshikapa,3.495e-05,8.814e-05,1.334e+00,
Kasaï,Kalonda Ouest,9.118e-06,8.206e-05,1.585e+00,
Kwilu,Kikwit Nord,7.599e-06,8.130e-05,1.585e+00,
Kinshasa,Maluku 2,5.015e-05,8.054e-05,6.840e-01,
Kwango,Kenge,9.118e-06,7.751e-05,1.585e+00,
Maniema,Punia,8.054e-05,7.603e-05,-8.300e-02,
Sud-Kivu,Walungu,2.432e-05,7.599e-05,1.585e+00,
Equateur,Wangata,7.041e-05,7.538e-05,9.800e-02,
Kasaï Oriental,Bipemba,1.246e-04,7.523e-05,-7.280e-01,
Kwilu,Lusanga,7.599e-06,7.523e-05,1.585e+00,
Kasaï Oriental,Bonzola,1.672e-04,7.371e-05,-1.181e+00,
Equateur,Mbandaka,8.561e-05,7.206e-05,-2.490e-01,
Nord-Kivu,Kibua,5.015e-05,7.143e-05,5.100e-01,
Maindombe,Bolobo,1.786e-05,7.044e-05,1.585e+00,
Kasaï Central,Kananga,3.951e-05,6.991e-05,8.230e-01,
Sud-Kivu,Nyantende,1.098e-04,6.839e-05,-6.830e-01,
Kasaï Oriental,Nzaba,6.535e-05,6.332e-05,-4.500e-02,
Haut-Katanga,Kisanga,4.230e-05,6.307e-05,5.760e-01,
Haut-Katanga,Kafubu,6.839e-05,6.170e-05,-1.480e-01,
Haut-Katanga,Kamalondo,2.887e-05,6.155e-05,1.092e+00,
Bas-Uele,Aketi,1.520e-05,5.775e-05,1.585e+00,
Sud-Kivu,Kaziba,1.075e-04,5.775e-05,-8.970e-01,
Nord-Kivu,Masisi,1.983e-04,5.623e-05,-1.585e+00,
Kongo Central,Massa,8.662e-05,5.623e-05,-6.230e-01,
Tshopo,Bengamisa,6.687e-05,5.547e-05,-2.700e-01,
Equateur,Bolenge,1.216e-05,5.499e-05,1.585e+00,
Kwilu,Kikwit Sud,3.039e-06,5.319e-05,1.585e+00,
Lualaba,Dilala,4.559e-06,5.167e-05,1.585e+00,
Haut-Katanga,Ruashi,1.094e-04,5.167e-05,-1.082e+00,
Tshopo,Yahisuli,4.559e-06,5.015e-05,1.585e+00,
Tshopo,Yahuma,1.672e-05,5.015e-05,1.585e+00,
Sud-Kivu,Mubumbano,2.887e-05,4.863e-05,7.520e-01,
Bas-Uele,Poko,9.182e-05,4.863e-05,-9.170e-01,
Mongala,Lolo,9.118e-06,4.635e-05,1.585e+00,
Equateur,Makanza,5.927e-05,4.587e-05,-3.700e-01,
Tshopo,Yalimbongo,9.118e-06,4.559e-05,1.585e+00,
Kwango,Boko,9.118e-06,4.255e-05,1.585e+00,
Kwilu,Mosango,4.559e-06,4.255e-05,1.585e+00,
Kongo Central,Kimpese,5.319e-05,4.141e-05,-3.610e-01,
Kasaï Oriental,Diulu,7.751e-05,4.103e-05,-9.180e-01,
Kinshasa,Kimbanseke,8.434e-05,3.799e-05,-1.151e+00,
Maniema,Alunguli,4.255e-05,3.571e-05,-2.530e-01,
Kongo Central,Kisantu,4.711e-05,3.495e-05,-4.310e-01,
Haut-Katanga,Pweto,3.343e-05,3.495e-05,6.400e-02,
Equateur,Irebu,7.978e-06,3.384e-05,1.585e+00,
Haut-Katanga,Likasi,8.738e-05,3.381e-05,-1.370e+00,
Lualaba,Fungurume,6.839e-05,3.229e-05,-1.082e+00,
Maniema,Kailo,2.432e-05,3.077e-05,3.400e-01,
Haut-Katanga,Katuba,1.976e-05,3.039e-05,6.210e-01,
Kwilu,Masi Manimba,1.064e-05,3.039e-05,1.515e+00,
Equateur,Mampoko,6.079e-06,2.976e-05,1.585e+00,
Kongo Central,Mbanza Ngungu,7.143e-05,2.773e-05,-1.365e+00,
Kasaï Oriental,Kansele,6.535e-05,2.735e-05,-1.256e+00,
Kongo Central,Nsona Mpangu,6.535e-05,2.735e-05,-1.256e+00,
Bas-Uele,Viadana,2.381e-05,2.584e-05,1.180e-01,
Sud-Kivu,Kitutu,0.000e+00,2.432e-05,1.585e+00,
Kwilu,Mukedi,0.000e+00,2.432e-05,1.585e+00,
Kwilu,Bandundu,1.520e-05,2.280e-05,5.850e-01,
Bas-Uele,Ganga,7.219e-05,2.280e-05,-1.585e+00,
Kwilu,Idiofa,1.520e-06,2.280e-05,1.585e+00,
Tanganyika,Kabalo,2.280e-05,2.280e-05,0.000e+00,
Sud-Kivu,Nyangezi,3.267e-05,2.280e-05,-5.190e-01,
Haut-Lomami,Mulongo,3.039e-05,2.204e-05,-4.640e-01,
Kongo Central,Kwilu Ngongo,4.407e-05,2.166e-05,-1.025e+00,
Sud-Ubangi,Gemena,4.711e-05,2.128e-05,-1.147e+00,
Haut-Katanga,Kapolowe,2.735e-05,2.128e-05,-3.630e-01,
Sud-Kivu,Nundu,5.167e-05,2.128e-05,-1.280e+00,
Sud-Kivu,Fizi,2.622e-05,1.976e-05,-4.080e-01,
Kongo Central,Sona Bata,3.039e-05,1.976e-05,-6.210e-01,
Tanganyika,Manono,1.520e-05,1.900e-05,3.220e-01,
Lomami,Kabinda,3.039e-06,1.824e-05,1.585e+00,
Haut-Katanga,Kambove,5.471e-05,1.824e-05,-1.585e+00,
Haut-Katanga,Panda,8.206e-05,1.824e-05,-1.585e+00,
Kongo Central,Boma,1.132e-04,1.672e-05,-1.585e+00,
Equateur,Lukolela,4.559e-06,1.672e-05,1.585e+00,
Kasaï Oriental,Dibindi,3.039e-05,1.520e-05,-1.000e+00,
Maindombe,Kwamouth,1.254e-05,1.520e-05,2.780e-01,
Sankuru,Lodja,3.647e-05,1.520e-05,-1.263e+00,
Tshopo,Opienge,3.039e-05,1.520e-05,-1.000e+00,
Tshopo,Yabaondo,6.079e-06,1.482e-05,1.285e+00,
Nord-Ubangi,Gbadolite,2.394e-05,1.368e-05,-8.070e-01,
Kasaï Oriental,Kabeya Kamwanga,4.559e-06,1.368e-05,1.585e+00,
Sankuru,Lusambo,0.000e+00,1.368e-05,1.585e+00,
Kongo Central,Vaku,1.520e-06,1.292e-05,1.585e+00,
Haut-Katanga,Kikula,2.659e-05,1.254e-05,-1.085e+00,
Kongo Central,Boko Kivulu,2.280e-05,1.216e-05,-9.070e-01,
Kasaï,Kamwesha,1.520e-06,1.216e-05,1.585e+00,
Kasaï Oriental,Lukelenge,4.103e-05,1.216e-05,-1.585e+00,
Maindombe,Yumbi,8.358e-06,1.216e-05,5.410e-01,
Sud-Kivu,Kalole,0.000e+00,1.064e-05,1.585e+00,
Nord-Kivu,Katoyi,3.039e-06,1.064e-05,1.585e+00,
Tanganyika,Kongolo,2.432e-05,1.064e-05,-1.193e+00,
Sud-Kivu,Lemera,3.495e-05,1.064e-05,-1.585e+00,
Lualaba,Lubudi,3.647e-05,1.064e-05,-1.585e+00,
Kongo Central,Nzanza,2.432e-05,1.064e-05,-1.193e+00,
Ituri,Adja,5.319e-05,9.118e-06,-1.585e+00,
Haut-Uele,Boma Mangbetu,7.143e-05,9.118e-06,-1.585e+00,
Maniema,Kabambare,6.079e-06,9.118e-06,5.850e-01,
Kasaï Central,Katende,4.559e-06,9.118e-06,1.000e+00,
Bas-Uele,Likati,1.824e-05,9.118e-06,-1.000e+00,
Sud-Kivu,Lulingu,2.584e-05,9.118e-06,-1.503e+00,
Kongo Central,Muanda,6.839e-05,8.358e-06,-1.585e+00,
Maindombe,Bokoro,7.599e-06,7.599e-06,0.000e+00,
Kwilu,Bulungu,0.000e+00,7.599e-06,1.585e+00,
Kasaï Oriental,Tshishimbi,7.599e-06,7.092e-06,-1.000e-01,
Tshopo,Ubundu,9.118e-06,7.092e-06,-3.630e-01,
Kasaï Oriental,Bibanga,1.520e-06,6.079e-06,1.585e+00,
Tanganyika,Nyunzu,2.280e-05,6.079e-06,-1.585e+00,
Sud-Kivu,Shabunda,1.520e-05,6.079e-06,-1.322e+00,
Haut-Katanga,Vangu,6.079e-06,6.079e-06,0.000e+00,
Tshuapa,Boende,9.118e-06,4.559e-06,-1.000e+00,
Kongo Central,Boma Bungu,2.280e-05,4.559e-06,-1.585e+00,
Kongo Central,Inga,1.520e-05,4.559e-06,-1.585e+00,
Kasaï,Luebo,1.520e-06,4.559e-06,1.585e+00,
Tanganyika,Mbulula,6.079e-06,4.559e-06,-4.150e-01,
Kwilu,Vanga,1.520e-06,4.559e-06,1.585e+00,
Tshopo,Yaleko,9.118e-06,4.559e-06,-1.000e+00,
Haut-Lomami,Baka,0.000e+00,3.039e-06,1.585e+00,
Nord-Kivu,Birambizo,0.000e+00,3.039e-06,1.585e+00,
Sud-Ubangi,Budjala,3.039e-06,3.039e-06,0.000e+00,
Lualaba,Bunkeya,0.000e+00,3.039e-06,1.585e+00,
Kasaï Oriental,Citenge,3.039e-06,3.039e-06,0.000e+00,
Nord-Kivu,Itebero,0.000e+00,3.039e-06,1.585e+00,
Lomami,Kamana,1.520e-06,3.039e-06,1.000e+00,
Kongo Central,Kangu,1.520e-06,3.039e-06,1.000e+00,
Kasaï Oriental,Kasansa,1.520e-06,3.039e-06,1.000e+00,
Maniema,Kibombo,0.000e+00,3.039e-06,1.585e+00,
Kongo Central,Lukula,1.520e-06,3.039e-06,1.000e+00,
Kasaï Central,Mikalayi,6.079e-06,3.039e-06,-1.000e+00,
Haut-Katanga,Mitwaba,0.000e+00,3.039e-06,1.585e+00,
Tanganyika,Moba,4.559e-06,3.039e-06,-5.850e-01,
Tshuapa,Monkoto,0.000e+00,3.039e-06,1.585e+00,
Haut-Lomami,Mukanga,6.079e-06,3.039e-06,-1.000e+00,
Lomami,Mulumba,0.000e+00,3.039e-06,1.585e+00,
Sud-Kivu,Mulungu,1.520e-06,3.039e-06,1.000e+00,
Maniema,Obokote,0.000e+00,3.039e-06,1.585e+00,
Haut-Lomami,Songa,0.000e+00,3.039e-06,1.585e+00,
Tanganyika,Ankoro,3.039e-06,1.520e-06,-1.000e+00,
Kasaï,Banga Lubaka,0.000e+00,1.520e-06,1.585e+00,
Kasaï Central,Bena Leka,0.000e+00,1.520e-06,1.585e+00,
Sud-Kivu,Bunyakiri,7.599e-06,1.520e-06,-1.585e+00,
Sud-Ubangi,Bwamanda,0.000e+00,1.520e-06,1.585e+00,
Kasaï Central,Demba,0.000e+00,1.520e-06,1.585e+00,
Maniema,Kampene,0.000e+00,1.520e-06,1.585e+00,
Haut-Lomami,Kaniama,0.000e+00,1.520e-06,1.585e+00,
Tanganyika,Kansimba,9.118e-06,1.520e-06,-1.585e+00,
Lualaba,Kapanga,0.000e+00,1.520e-06,1.585e+00,
Kwilu,Kikongo,0.000e+00,1.520e-06,1.585e+00,
Haut-Katanga,Kilwa,0.000e+00,1.520e-06,1.585e+00,
Lomami,Makota,0.000e+00,1.520e-06,1.585e+00,
Kasaï Oriental,Miabi,4.559e-06,1.520e-06,-1.585e+00,
Kasaï Central,Muetshi,0.000e+00,1.520e-06,1.585e+00,
Kasaï Oriental,Muya,1.368e-05,1.520e-06,-1.585e+00,
Kasaï Central,Ndesha,1.672e-05,1.520e-06,-1.585e+00,
Kasaï,Nyanga,0.000e+00,1.520e-06,1.585e+00,
Maniema,Samba,0.000e+00,1.520e-06,1.585e+00,
Kongo Central,Seke Banza,1.064e-05,1.520e-06,-1.585e+00,
Bas-Uele,Titule,3.495e-05,1.520e-06,-1.585e+00,
Kasaï Central,Tshikula,1.520e-06,1.520e-06,0.000e+00,
Tshuapa,Wema,0.000e+00,1.520e-06,1.585e+00,
Bas-Uele,Ango,1.520e-06,0.000e+00,-1.585e+00,
Kwilu,Bagata,1.520e-06,0.000e+00,-1.585e+00,
Sud-Ubangi,Bangabola,0.000e+00,0.000e+00,,
Maindombe,Banzow Moke,0.000e+00,0.000e+00,,
Equateur,Basankusu,6.079e-06,0.000e+00,-1.585e+00,
Tshuapa,Befale,0.000e+00,0.000e+00,,
Sankuru,Bena Dibele,0.000e+00,0.000e+00,,
Kasaï Central,Bena Tshadi,0.000e+00,0.000e+00,,
Equateur,Bikoro,1.520e-06,0.000e+00,-1.585e+00,
Bas-Uele,Bili,0.000e+00,0.000e+00,,
Mongala,Binga,1.520e-06,0.000e+00,-1.585e+00,
Sud-Ubangi,Bogosenubea,0.000e+00,0.000e+00,,
Sud-Ubangi,Bokonzi,0.000e+00,0.000e+00,,
Equateur,Bolomba,0.000e+00,0.000e+00,,
Equateur,Bomongo,1.064e-05,0.000e+00,-1.585e+00,
Mongala,Boso Manzi,2.659e-06,0.000e+00,-1.585e+00,
Mongala,Boso Mondanda,1.520e-06,0.000e+00,-1.585e+00,
Maindombe,Bosobe,1.520e-06,0.000e+00,-1.585e+00,
Nord-Ubangi,Bosobolo,0.000e+00,0.000e+00,,
Mongala,Bosondjo,4.559e-06,0.000e+00,-1.585e+00,
Sud-Ubangi,Boto,0.000e+00,0.000e+00,,
Haut-Lomami,Bukama,0.000e+00,0.000e+00,,
Sud-Ubangi,Bulu,3.039e-06,0.000e+00,-1.585e+00,
Tshuapa,Busanga,0.000e+00,0.000e+00,,
Kasaï,Dekese,0.000e+00,0.000e+00,,
Sankuru,Dikungu,0.000e+00,0.000e+00,,
Lualaba,Dilolo,0.000e+00,0.000e+00,,
Sankuru,Djalo Ndjeka,0.000e+00,0.000e+00,,
Tshuapa,Djolu,0.000e+00,0.000e+00,,
Kwilu,Djuma,0.000e+00,0.000e+00,,
Haut-Uele,Doruma,6.079e-06,0.000e+00,-1.585e+00,
Maniema,Ferekeni,1.520e-06,0.000e+00,-1.585e+00,
Kwango,Feshi,0.000e+00,0.000e+00,,
Kwilu,Gungu,0.000e+00,0.000e+00,,
Sud-Kivu,Haut Plateau,0.000e+00,0.000e+00,,
Kasaï,Ilebo,0.000e+00,0.000e+00,,
Equateur,Ingende,0.000e+00,0.000e+00,,
Maindombe,Inongo,0.000e+00,0.000e+00,,
Kwilu,Ipamu,0.000e+00,0.000e+00,,
Sud-Kivu,Itombwe,0.000e+00,0.000e+00,,
Haut-Lomami,Kabondo Dianda,0.000e+00,0.000e+00,,
Haut-Lomami,Kabongo,0.000e+00,0.000e+00,,
Kwango,Kahemba,0.000e+00,0.000e+00,,
Kwango,Kajiji,0.000e+00,0.000e+00,,
Kasaï,Kakenge,0.000e+00,0.000e+00,,
Lualaba,Kalamba,0.000e+00,0.000e+00,,
Lomami,Kalambayi Kaban,0.000e+00,0.000e+00,,
Lomami,Kalenda,0.000e+00,0.000e+00,,
Lomami,Kalonda Est,0.000e+00,0.000e+00,,
Sud-Kivu,Kalonge,0.000e+00,0.000e+00,,
Haut-Lomami,Kamina,0.000e+00,0.000e+00,,
Kasaï,Kamonia,0.000e+00,0.000e+00,,
Lomami,Kanda Kanda,0.000e+00,0.000e+00,,
Sud-Kivu,Kaniola,0.000e+00,0.000e+00,,
Lualaba,Kanzenze,0.000e+00,0.000e+00,,
Nord-Ubangi,Karawa,1.520e-06,0.000e+00,-1.585e+00,
Lualaba,Kasaji,0.000e+00,0.000e+00,,
Haut-Katanga,Kasenga,1.520e-06,0.000e+00,-1.585e+00,
Haut-Katanga,Kashobwe,0.000e+00,0.000e+00,,
Maniema,Kasongo,0.000e+00,0.000e+00,,
Kwango,Kasongo Lunda,0.000e+00,0.000e+00,,
Sankuru,Katako Kombe,0.000e+00,0.000e+00,,
Haut-Lomami,Kayamba,0.000e+00,0.000e+00,,
Tanganyika,Kiambi,0.000e+00,0.000e+00,,
Nord-Kivu,Kibirizi,7.599e-06,0.000e+00,-1.585e+00,
Kongo Central,Kibunzi,0.000e+00,0.000e+00,,
Haut-Katanga,Kilela Balanda,0.000e+00,0.000e+00,,
Kwango,Kimbao,0.000e+00,0.000e+00,,
Kongo Central,Kimpangu,0.000e+00,0.000e+00,,
Haut-Lomami,Kinda,0.000e+00,0.000e+00,,
Kwilu,Kingandu,0.000e+00,0.000e+00,,
Haut-Lomami,Kinkondja,0.000e+00,0.000e+00,,
Kongo Central,Kinkonzi,0.000e+00,0.000e+00,,
Maindombe,Kiri,0.000e+00,0.000e+00,,
Kwango,Kisanji,0.000e+00,0.000e+00,,
Kwango,Kitenda,0.000e+00,0.000e+00,,
Haut-Lomami,Kitenge,0.000e+00,0.000e+00,,
Kongo Central,Kitona,1.064e-05,0.000e+00,-1.585e+00,
Kongo Central,Kizu,0.000e+00,0.000e+00,,
Sankuru,Kole,0.000e+00,0.000e+00,,
Kwilu,Koshibanda,0.000e+00,0.000e+00,,
Kongo Central,Kuimba,0.000e+00,0.000e+00,,
Maniema,Kunda,0.000e+00,0.000e+00,,
Sud-Ubangi,Kungu,0.000e+00,0.000e+00,,
Sud-Ubangi,Libenge,0.000e+00,0.000e+00,,
Equateur,Lilanga Bobangi,0.000e+00,0.000e+00,,
Tshuapa,Lingomo,0.000e+00,0.000e+00,,
Nord-Ubangi,Loko,2.659e-06,0.000e+00,-1.585e+00,
Sankuru,Lomela,0.000e+00,0.000e+00,,
Equateur,Lotumbe,0.000e+00,0.000e+00,,
Kasaï Central,Luambo,3.039e-06,0.000e+00,-1.585e+00,
Kasaï Oriental,Lubilanji,0.000e+00,0.000e+00,,
Kasaï Central,Luiza,0.000e+00,0.000e+00,,
Haut-Katanga,Lukafu,0.000e+00,0.000e+00,,
Lomami,Luputa,0.000e+00,0.000e+00,,
Maniema,Lusangi,0.000e+00,0.000e+00,,
Haut-Lomami,Malemba Nkulu,1.976e-05,0.000e+00,-1.585e+00,
Kasaï,Mikope,0.000e+00,0.000e+00,,
Sankuru,Minga,0.000e+00,0.000e+00,,
Nord-Ubangi,Mobayi Mbongo,0.000e+00,0.000e+00,,
Kwilu,Mokala,0.000e+00,0.000e+00,,
Tshuapa,Mondombe,0.000e+00,0.000e+00,,
Bas-Uele,Monga,0.000e+00,0.000e+00,,
Equateur,Monieka,0.000e+00,0.000e+00,,
Kasaï,Mushenge,0.000e+00,0.000e+00,,
Maindombe,Mushie,0.000e+00,0.000e+00,,
Kasaï,Mutena,0.000e+00,0.000e+00,,
Lualaba,Mutshatsha,0.000e+00,0.000e+00,,
Kasaï,Mweka,0.000e+00,0.000e+00,,
Kwango,Mwela Lembwa,0.000e+00,0.000e+00,,
Lomami,Mweneditu,0.000e+00,0.000e+00,,
Sud-Ubangi,Ndage,0.000e+00,0.000e+00,,
Kongo Central,Ngidinga,0.000e+00,0.000e+00,,
Maindombe,Nioki,0.000e+00,0.000e+00,,
Kongo Central,Nselo,0.000e+00,0.000e+00,,
Maindombe,Ntandembelo,3.039e-06,0.000e+00,-1.585e+00,
Tshopo,Opala,6.079e-06,0.000e+00,-1.585e+00,
Maindombe,Oshwe,0.000e+00,0.000e+00,,
Sankuru,Ototo,0.000e+00,0.000e+00,,
Maniema,Pangi,0.000e+00,0.000e+00,,
Sankuru,Pania Mutombo,0.000e+00,0.000e+00,,
Kwango,Panzi,0.000e+00,0.000e+00,,
Kwilu,Pay Kongila,0.000e+00,0.000e+00,,
Mongala,Pimu,0.000e+00,0.000e+00,,
Nord-Kivu,Pinga,3.039e-06,0.000e+00,-1.585e+00,
Kwango,Popokabaka,0.000e+00,0.000e+00,,
Lualaba,Sandoa,0.000e+00,0.000e+00,,
Maniema,Saramabila,1.520e-06,0.000e+00,-1.585e+00,
Kwilu,Sia,0.000e+00,0.000e+00,,
Sud-Ubangi,Tandala,0.000e+00,0.000e+00,,
Kwango,Tembo,0.000e+00,0.000e+00,,
Kongo Central,Tshela,0.000e+00,0.000e+00,,
Kasaï Oriental,Tshilenge,0.000e+00,0.000e+00,,
Sankuru,Tshumbe,0.000e+00,0.000e+00,,
Maniema,Tunda,0.000e+00,0.000e+00,,
Sankuru,Vanga Kete,0.000e+00,0.000e+00,,
Kwango,Wamba Lwadi,0.000e+00,0.000e+00,,
Nord-Ubangi,Wapinda,0.000e+00,0.000e+00,,
Sankuru,Wembo Nyama,1.520e-06,0.000e+00,-1.585e+00,
Lomami,Wikong,0.000e+00,0.000e+00,,
Nord-Ubangi,Yakoma,0.000e+00,0.000e+00,,
Mongala,Yambuku,0.000e+00,0.000e+00,,
Kwilu,Yasa Bonga,0.000e+00,0.000e+00,,
Sud-Ubangi,Zongo,7.599e-06,0.000e+00,-1.585e+00,
Tshopo,Yakusu,,,,No data
Kasaï Central,Ndekesha,,,,No data
Nord-Ubangi,Abuzi,,,,No data
Tshopo,Basali,,,,No data
Nord-Ubangi,Bili,,,,No data
Kasaï Central,Bilomba,,,,No data
Kasaï Central,Bobozo,,,,No data
Tshuapa,Bokungu,,,,No data
Sud-Ubangi,Bominenge,,,,No data
Mongala,Bongandanga,,,,No data
Kasaï,Bulape,,,,No data
Mongala,Bumba,,,,No data
Kasaï Central,Bunkonde,,,,No data
Nord-Ubangi,Businga,,,,No data
Haut-Lomami,Butumba,,,,No data
Kasaï Oriental,Cilundu,,,,No data
Kasaï Central,Dibaya,,,,No data
Equateur,Djombo,,,,No data
Equateur,Iboko,,,,No data
Tshuapa,Ikela,,,,No data
Ituri,Jiba,,,,No data
Lualaba,Kafakumba,,,,No data
Kasaï Central,Kalomba,,,,No data
Lomami,Kamiji,,,,No data
Kwilu,Kimputu,,,,No data
Kongo Central,Kimvula,,,,No data
Kasaï,Kitangwa,,,,No data
Haut-Katanga,Kowe,,,,No data
Ituri,Linga,,,,No data
Tshopo,Lowa,,,,No data
Lualaba,Lualaba,,,,No data
Lomami,Lubao,,,,No data
Kasaï Central,Lubondaie,,,,No data
Kasaï Central,Lubunga,,,,No data
Lomami,Ludimbi Lukula,,,,No data
Kongo Central,Luozi,,,,No data
Haut-Lomami,Lwamba,,,,No data
Ituri,Mangala,,,,No data
Kongo Central,Mangembo,,,,No data
Kasaï Central,Masuika,,,,No data
Sud-Ubangi,Mawuya,,,,No data
Sud-Ubangi,Mbaya,,,,No data
Maindombe,Mimia,,,,No data
Sud-Kivu,Minembwe,,,,No data
Kwilu,Moanza,,,,No data
Tshuapa,Mompono,,,,No data
Kasaï Oriental,Mpokolo,,,,No data
Haut-Katanga,Mufunga Sampwe,,,,No data
Kasaï Oriental,Mukumbi,,,,No data
Kwilu,Mungindu,,,,No data
Kasaï Central,Mutoto,,,,No data
Sud-Kivu,Mwenga,,,,No data
Lomami,NGandajika,,,,No data
Kasaï,Ndjoko Mpunda,,,,No data
Equateur,Ntondo,,,,No data
Sankuru,Omendjadi,,,,No data
Maindombe,Pendjwa,,,,No data
Nord-Kivu,Rwanguba,,,,No data
Kasaï Central,Tshibala,,,,No data
Lomami,Tshofa,,,,No data
Sankuru,Tshudi Loto,,,,No data
Nord-Kivu,Vuhovi,,,,No data
Nord-Ubangi,Wasolo,,,,No data
Tshuapa,Yalifafu,,,,No data
Mongala,Yamongili,,,,No data
Kasaï Central,Yangala,,,,No data
Ituri,Bunia,,,,Origin
Ituri,Rwampara,,,,Origin
Ituri,Mongbwalu,,,,Origin
Ituri,Nyankunde,,,,Origin
